{
    "Logistic Regression": {
        "accuracy": 0.590625,
        "auc": 0.7554560420090299,
        "precision": 0.5695246022937477,
        "recall": 0.590625,
        "f1": 0.5672975809413863,
        "mcc": 0.3250200830330866,
        "confusion_matrix": [
            [
                0,
                0,
                1,
                1,
                0,
                0
            ],
            [
                0,
                0,
                10,
                1,
                0,
                0
            ],
            [
                0,
                0,
                99,
                36,
                1,
                0
            ],
            [
                0,
                0,
                47,
                78,
                3,
                0
            ],
            [
                0,
                0,
                2,
                26,
                12,
                0
            ],
            [
                0,
                0,
                0,
                2,
                1,
                0
            ]
        ],
        "classification_report": {
            "0": {
                "precision": 0.0,
                "recall": 0.0,
                "f1-score": 0.0,
                "support": 2.0
            },
            "1": {
                "precision": 0.0,
                "recall": 0.0,
                "f1-score": 0.0,
                "support": 11.0
            },
            "2": {
                "precision": 0.6226415094339622,
                "recall": 0.7279411764705882,
                "f1-score": 0.6711864406779661,
                "support": 136.0
            },
            "3": {
                "precision": 0.5416666666666666,
                "recall": 0.609375,
                "f1-score": 0.5735294117647058,
                "support": 128.0
            },
            "4": {
                "precision": 0.7058823529411765,
                "recall": 0.3,
                "f1-score": 0.42105263157894735,
                "support": 40.0
            },
            "5": {
                "precision": 0.0,
                "recall": 0.0,
                "f1-score": 0.0,
                "support": 3.0
            },
            "accuracy": 0.590625,
            "macro avg": {
                "precision": 0.3116984215069676,
                "recall": 0.2728860294117647,
                "f1-score": 0.27762808067026984,
                "support": 320.0
            },
            "weighted avg": {
                "precision": 0.5695246022937477,
                "recall": 0.590625,
                "f1-score": 0.5672975809413863,
                "support": 320.0
            }
        }
    },
    "Decision Tree": {
        "accuracy": 0.60625,
        "auc": 0.697362077907792,
        "precision": 0.6096878158606848,
        "recall": 0.60625,
        "f1": 0.6065716772993087,
        "mcc": 0.3943542935863392,
        "confusion_matrix": [
            [
                0,
                1,
                0,
                0,
                1,
                0
            ],
            [
                1,
                3,
                4,
                3,
                0,
                0
            ],
            [
                0,
                1,
                93,
                37,
                5,
                0
            ],
            [
                0,
                3,
                34,
                71,
                15,
                5
            ],
            [
                0,
                0,
                2,
                11,
                26,
                1
            ],
            [
                0,
                0,
                1,
                0,
                1,
                1
            ]
        ],
        "classification_report": {
            "0": {
                "precision": 0.0,
                "recall": 0.0,
                "f1-score": 0.0,
                "support": 2.0
            },
            "1": {
                "precision": 0.375,
                "recall": 0.2727272727272727,
                "f1-score": 0.3157894736842105,
                "support": 11.0
            },
            "2": {
                "precision": 0.6940298507462687,
                "recall": 0.6838235294117647,
                "f1-score": 0.6888888888888889,
                "support": 136.0
            },
            "3": {
                "precision": 0.5819672131147541,
                "recall": 0.5546875,
                "f1-score": 0.568,
                "support": 128.0
            },
            "4": {
                "precision": 0.5416666666666666,
                "recall": 0.65,
                "f1-score": 0.5909090909090909,
                "support": 40.0
            },
            "5": {
                "precision": 0.14285714285714285,
                "recall": 0.3333333333333333,
                "f1-score": 0.2,
                "support": 3.0
            },
            "accuracy": 0.60625,
            "macro avg": {
                "precision": 0.38925347889747197,
                "recall": 0.4157619392453951,
                "f1-score": 0.39393124224703174,
                "support": 320.0
            },
            "weighted avg": {
                "precision": 0.6096878158606848,
                "recall": 0.60625,
                "f1-score": 0.6065716772993087,
                "support": 320.0
            }
        }
    },
    "KNN": {
        "accuracy": 0.609375,
        "auc": 0.7476011193284263,
        "precision": 0.5841164302600472,
        "recall": 0.609375,
        "f1": 0.5958865796643045,
        "mcc": 0.3733131339434211,
        "confusion_matrix": [
            [
                0,
                0,
                0,
                2,
                0,
                0
            ],
            [
                0,
                0,
                7,
                4,
                0,
                0
            ],
            [
                0,
                1,
                92,
                41,
                2,
                0
            ],
            [
                0,
                1,
                38,
                80,
                9,
                0
            ],
            [
                0,
                0,
                4,
                13,
                23,
                0
            ],
            [
                0,
                0,
                0,
                1,
                2,
                0
            ]
        ],
        "classification_report": {
            "0": {
                "precision": 0.0,
                "recall": 0.0,
                "f1-score": 0.0,
                "support": 2.0
            },
            "1": {
                "precision": 0.0,
                "recall": 0.0,
                "f1-score": 0.0,
                "support": 11.0
            },
            "2": {
                "precision": 0.6524822695035462,
                "recall": 0.6764705882352942,
                "f1-score": 0.6642599277978339,
                "support": 136.0
            },
            "3": {
                "precision": 0.5673758865248227,
                "recall": 0.625,
                "f1-score": 0.5947955390334573,
                "support": 128.0
            },
            "4": {
                "precision": 0.6388888888888888,
                "recall": 0.575,
                "f1-score": 0.6052631578947368,
                "support": 40.0
            },
            "5": {
                "precision": 0.0,
                "recall": 0.0,
                "f1-score": 0.0,
                "support": 3.0
            },
            "accuracy": 0.609375,
            "macro avg": {
                "precision": 0.30979117415287627,
                "recall": 0.3127450980392157,
                "f1-score": 0.3107197707876714,